"sample_name","HPV_int_status","cohort","HPV_status","samples","all_reads","e6","e6_first_exon","e6_fl","e6_star","e6_star_182N","e6_read_in_182N_region","e6_fl_ratio","e6_FL_ratio_use_splice","e7","e1","e1_isoform","e1fl_ratio","e2","e4","e5","l1","l2","batch","HPV_int_status_egene","HPV_int_status_final"
"130-MCDM-3","HPVint(+) confident","cell_line","HPV16","130-MCDM-3",4211,2929,1565,314,9.06782872300113,1128,1564,0.159849734929607,0.174835405998537,550,251,0,1,293,0,31,11,13,"cell_line","pos","HPVint(+) confident"
"130-MCDM-4","HPVint(+) confident","cell_line","HPV16","130-MCDM-4",11795,6990,4222,239,27.8040545661235,3381,4219,0.0450999734514656,0.083988079111352,2117,702,419,0.160320641282565,1398,909,44,267,146,"cell_line","neg","HPVint(+) confident"
"130-MCDM-5","HPVint(+) confident","cell_line","HPV16","130-MCDM-5",7335,6274,3451,522,20.9318681318681,2838,3449,0.120509742358482,0.132110091743119,770,240,0,1,4,3,0,0,0,"cell_line","pos","HPVint(+) confident"
"15911","HPVint(+) likely","FF","HPV16","15911",9160,1564,708,129,4.17396741189845,312,447,0.145162041348482,0.106017191977077,1409,1094,354,0.082901554404145,4469,2117,653,38,17,"FF","neg","HPVint(+) likely"
"15912","HPVint(+) confident","FF","HPV16","15912",4635,2586,1158,142,7.20598711633194,681,832,0.0976959137580899,0.0784844384303113,1648,361,0,1,7,3,1,5,1,"FF","pos","HPVint(+) confident"
"15914","HPVint(+) confident","FF","HPV16","15914",82570,5262,1047,1451,-0.751837817355058,235,728,1,0.587719298245614,4411,6913,710,0.302554027504912,26263,12418,4155,7124,793,"FF","neg","HPVint(+) confident"
"15915","HPVint(+) likely","FF","HPV16","15915",7604,989,467,90,2.72618416066692,166,276,0.153540249899993,0.182266009852217,820,1071,199,0.12719298245614,3698,1632,735,270,70,"FF","neg","HPVint(+) likely"
"15916","HPVint(+) confident","FF","HPV16","15916",4772,583,233,66,1.24425918908678,102,156,0.225675611941706,0.209302325581395,659,660,172,0.0702702702702702,2437,1073,433,23,30,"FF","neg","HPVint(+) confident"
"15917","HPVint(+) confident","FF","HPV16","15917",3650,444,203,28,1.24615384615385,81,137,0.10989010989011,0.1,526,382,153,0.04375,1864,878,398,36,12,"FF","neg","HPVint(+) confident"
"15922","HPVint(-) confident","FF","HPV35","15922",11926,2097,830,250,5.3199220134704,454,614,0.205216470276711,0.215889464594128,1883,1666,266,0.141935483870968,4810,2319,1113,24,26,"FF","neg","HPVint(-) confident"
"15925","HPVint(+) confident","FF","HPV18","15925",1277,566,238,80,1.40540080074964,111,147,0.238249145812171,0.569767441860465,474,180,0,1,0,0,0,17,0,"FF","pos","HPVint(+) confident"
"2536-KZ-1-FS","HPVint(+) confident","FFPE","HPV18","2536-KZ-1-FS",13600,4778,1137,1870,-1.46077178635318,586,1127,1,0.65035799522673,2403,1787,0,1,0,0,0,1267,0,"FFPE","pos","HPVint(+) confident"
"2536-KZ-10-FS","HPVint(+) confident","FFPE","HPV16","2536-KZ-10-FS",70574,5409,1142,1572,-0.761500568397119,560,1120,1,0.441117764471058,3683,21298,257,0.641562064156206,8229,2664,669,19948,3111,"FFPE","neg","HPVint(+) confident"
"2536-KZ-14-FS","HPVint(-) confident","FFPE","HPV33","2536-KZ-14-FS",5324,130,86,14,0.643006870851287,43,80,0.0728738141214004,0.338461538461538,826,1935,456,0.163302752293578,1908,479,123,39,469,"FFPE","neg","HPVint(-) confident"
"2536-KZ-17-FS","HPVint(-) likely","FFPE","HPV16","2536-KZ-17-FS",15239,995,312,244,0.811064797271694,98,281,0.623062834601296,0.568281938325991,944,4267,260,0.321148825065274,3069,1252,430,2120,2442,"FFPE","neg","HPVint(-) likely"
"2536-KZ-18-FS","HPVint(+) likely","FFPE","HPV16","2536-KZ-18-FS",8945,699,225,229,0.293482379689276,38,199,0.810866910866911,0.74496644295302,530,2322,72,0.653846153846154,1491,568,176,1396,1525,"FFPE","neg","HPVint(+) likely"
"2536-KZ-23-FS","HPVint(-) confident","FFPE","HPV16","2536-KZ-23-FS",5940,343,95,68,0.28154604016673,49,81,0.570271833429728,0.109090909090909,522,2186,147,0.0636942675159236,1549,496,184,454,657,"FFPE","neg","HPVint(-) confident"
"2536-KZ-28-FS","HPVint(+) confident","FFPE","HPV16","2536-KZ-28-FS",4487,819,177,216,0.033876468359227,117,171,0.972248090892159,0.214765100671141,538,3049,0,1,13,2,1,17,16,"FFPE","pos","HPVint(+) confident"
"2536-KZ-33-FS","HPVint(-) confident","FFPE","HPV16","2536-KZ-33-FS",5455,408,130,113,0.27567260325881,53,130,0.692519019442096,0.45360824742268,301,2061,70,0.306930693069307,976,337,110,523,785,"FFPE","neg","HPVint(-) confident"
"2536-KZ-34-FS","HPVint(-) likely","FFPE","HPV16","2536-KZ-34-FS",23991,2010,577,443,1.54524441076165,295,553,0.611680347382254,0.32648401826484,2038,7693,715,0.162763466042155,5487,2671,530,2716,2580,"FFPE","neg","HPVint(-) likely"
"2536-KZ-7-FS","HPVint(-) confident","FFPE","HPV16","2536-KZ-7-FS",7675,689,247,116,1.06608563849943,100,238,0.374160252702763,0.21875,724,2011,278,0.165165165165165,2126,1091,168,735,990,"FFPE","neg","HPVint(-) confident"
"36304","HPVint(-) confident","FF","HPV35","36304",35750,7273,2898,1348,15.9643743353421,1136,1931,0.316914279647199,0.366071428571429,5112,3805,1376,0.054945054945055,14738,6955,3737,78,57,"FF","neg","HPVint(-) confident"
"36305","HPVint(+) likely","FF","HPV16","36305",7243,1142,523,73,3.20579765062524,251,354,0.111203328220537,0.0872727272727273,1216,711,327,0.0494186046511628,3490,1713,620,67,32,"FF","neg","HPVint(+) likely"
"36306","HPVint(-) confident","FF","HPV16","36306",8746,1219,551,90,3.30549450549451,247,340,0.130133024869867,0.184818481848185,1182,676,326,0.0439882697947214,4529,1902,1136,34,13,"FF","neg","HPVint(-) confident"
"36308","HPVint(+) likely","FF","HPV33","36308",13381,1520,1178,105,9.12093862815884,566,662,0.0399011970359111,0.100158982511924,2254,1346,809,0.0369047619047619,5673,2092,1355,172,105,"FF","neg","HPVint(+) likely"
"36311","HPVint(-) confident","FF","HPV16","36311",17088,2974,1382,291,7.93213338385752,553,917,0.167757351187163,0.178306092124814,2345,2135,490,0.11070780399274,7683,3405,1366,511,186,"FF","neg","HPVint(-) confident"
"36313","HPVint(+) confident","FF","HPV16","36313",5727,2227,1217,121,7.7282682834407,315,663,0.079212077979539,0.429347826086957,1285,317,69,0.273684210526316,1433,666,399,48,24,"FF","neg","HPVint(+) confident"
"36314","HPVint(+) confident","FF","HPV16","36314",1580,745,354,27,2.29302766199318,189,236,0.0607655056807599,0.0735294117647058,461,364,0,1,2,0,0,5,0,"FF","pos","HPVint(+) confident"
"36315","HPVint(+) confident","FF","HPV16","36315",1158,726,372,19,2.46112163698371,169,228,0.0406918350466738,0.0451977401129944,422,2,0,1,1,1,0,0,0,"FF","pos","HPVint(+) confident"
"36316","HPVint(+) confident","FF","HPV16","36316",20071,2687,1294,132,8.19886320575976,560,885,0.0812711245477861,0.0923824959481362,3142,1112,920,0.0295358649789029,10053,4627,2968,119,32,"FF","neg","HPVint(+) confident"
"36321","HPVint(+) likely","FF","HPV16","36321",39797,7284,3359,564,20.0666161424782,1547,2313,0.133772152230027,0.130898876404494,6517,4652,1784,0.0649895178197065,18171,8614,3216,80,76,"FF","neg","HPVint(+) likely"
"3687-SS-1","HPVint(+) confident","FFPE","HPV16","3687-SS-1",3055,311,63,87,-0.0435392194012884,15,43,1,1,264,1045,102,0.105263157894737,667,340,88,219,354,"FFPE","neg","HPVint(+) confident"
"3687-SS-10","HPVint(+) confident","FFPE","HPV16","3687-SS-10",59168,3241,618,1360,-3.21045850701023,80,262,1,0.691119691119691,1337,20587,167,0.632967032967033,7162,1754,1512,12594,8675,"FFPE","neg","HPVint(+) confident"
"3687-SS-11","HPVint(+) confident","FFPE","HPV16","3687-SS-11",15003,1137,214,374,-0.579082985979537,70,103,1,0.320388349514563,823,3736,371,0.0995145631067961,2024,818,200,3545,2078,"FFPE","neg","HPVint(+) confident"
"3687-SS-14","HPVint(+) confident","FFPE","HPV16","3687-SS-14",5509,978,240,149,0.836491095111785,109,203,0.494619963369963,0.335365853658537,996,2928,10,1,637,81,13,3,0,"FFPE","pos","HPVint(+) confident"
"3687-SS-15","HPVint(-) likely","FFPE","HPV16","3687-SS-15",7807,678,215,151,0.653088291019326,89,206,0.559545106056734,0.440251572327044,540,2285,127,0.220858895705521,2009,959,274,730,992,"FFPE","neg","HPVint(-) likely"
"3687-SS-16","HPVint(-) confident","FFPE","HPV16","3687-SS-16",6674,442,102,157,-0.159189086775294,30,96,1,0.63855421686747,360,2597,99,0.600806451612903,842,362,118,686,1076,"FFPE","neg","HPVint(-) confident"
"3687-SS-18","HPVint(-) confident","FFPE","HPV16","3687-SS-18",9750,649,81,239,-0.754566123531641,17,31,1,1,582,3307,30,0.6875,1670,531,203,1241,1287,"FFPE","neg","HPVint(-) confident"
"3687-SS-2","HPVint(-) likely","FFPE","HPV16","3687-SS-2",1273,843,237,182,0.63448275862069,120,194,0.611814345991561,0.210526315789474,361,5,0,1,2,2,0,16,0,"FFPE","pos","HPVint(+) confident"
"3687-SS-24","HPVint(+) likely","FFPE","HPV16","3687-SS-24",4390,227,30,123,-0.468927624100038,0,0,1,1,211,1014,33,1,866,306,80,732,927,"FFPE","neg","HPVint(+) likely"
"3687-SS-25","HPVint(+) likely","FFPE","HPV16","3687-SS-25",6806,620,188,102,0.736112163698371,84,162,0.432253916296469,0.39568345323741,566,1784,131,0.407239819004525,1446,614,199,938,750,"FFPE","neg","HPVint(+) likely"
"3687-SS-27","HPVint(-) confident","FFPE","HPV16","3687-SS-27",16586,1236,265,491,-0.870215990905646,72,167,1,0.462686567164179,917,4754,95,0.686468646864686,2347,764,268,2171,3355,"FFPE","neg","HPVint(-) confident"
"3687-SS-33","HPVint(-) confident","FFPE","HPV16","3687-SS-33",4677,508,202,87,0.915081470253884,56,147,0.343134588184093,0.370786516853933,277,1959,42,0.408450704225352,999,333,52,197,512,"FFPE","neg","HPVint(-) confident"
"3687-SS-7","HPVint(-) confident","FFPE","HPV16","3687-SS-7",14807,1188,235,369,-0.406782872300114,151,235,1,0.183783783783784,904,6002,288,0.270886075949367,3713,1251,319,632,2020,"FFPE","neg","HPVint(-) confident"
"3687-SS-8","HPVint(+) confident","FFPE","HPV16","3687-SS-8",57999,4952,1084,1310,0.278059871163319,543,1012,0.962805644539962,0.429621848739496,2955,28949,27,0.7890625,7580,1797,1777,4483,5747,"FFPE","neg","HPVint(+) confident"
"3687-SS-9","HPVint(-) likely","FFPE","HPV16","3687-SS-9",1023,73,18,13,0.0527093596059113,0,0,0.575396825396825,1,65,745,0,1,156,0,0,26,14,"FFPE","pos","HPVint(+) confident"
"3860-SS-12","HPVint(+) likely","FFPE","HPV16","3860-SS-12",2442,329,53,89,-0.123493747631679,36,53,1,0.25,237,1400,0,1,210,0,0,262,0,"FFPE","pos","HPVint(+) confident"
"3860-SS-14","HPVint(+) confident","FFPE","HPV16","3860-SS-14",2510,211,92,52,0.348768472906404,36,51,0.450310559006211,0.294117647058823,265,1541,0,1,12,4,0,192,105,"FFPE","pos","HPVint(+) confident"
"3860-SS-18","HPVint(-) likely","FFPE","HPV16","3860-SS-18",21028,1502,302,477,-0.538120500189466,104,298,1,0.619047619047619,1073,6363,426,0.161417322834646,3507,1145,332,2809,4772,"FFPE","neg","HPVint(-) likely"
"3860-SS-5","HPVint(-) likely","FFPE","HPV16","3860-SS-5",26903,1696,510,610,0.165593027661993,10,92,0.952919629390218,0.891304347826087,1014,7923,84,0.76,4454,1219,448,4270,4331,"FFPE","neg","HPVint(-) likely"
"3860-SS-7","HPVint(-) confident","FFPE","HPV16","3860-SS-7",4309,352,71,80,0.0500947328533535,42,65,0.897693855440334,0.34375,329,1352,92,0.08,1091,415,143,270,672,"FFPE","neg","HPVint(-) confident"
"3860-SS-8","HPVint(-) confident","FFPE","HPV16","3860-SS-8",4664,551,130,165,-0.0100416824554755,60,130,1,0.333333333333333,301,1494,75,0.305555555555556,1207,498,132,443,484,"FFPE","neg","HPVint(-) confident"
"3860-SS-9","HPVint(-) confident","FFPE","HPV16","3860-SS-9",11197,1336,330,437,-0.125236832133384,171,305,1,0.431893687707641,821,3798,170,0.220183486238532,2234,705,387,993,1370,"FFPE","neg","HPVint(-) confident"
"4165-SS-11","HPVint(+) likely","FFPE","HPV16","4165-SS-11",9510,569,111,187,-0.261955286093217,49,74,1,0.289855072463768,695,3942,208,0.174603174603175,2120,802,344,675,953,"FFPE","neg","HPVint(+) likely"
"4165-SS-13","HPVint(-) confident","FFPE","HPV16","4165-SS-13",12635,926,173,261,-0.240962485790072,30,124,1,0.423076923076923,893,5790,220,0.233449477351916,2690,1141,245,595,1367,"FFPE","neg","HPVint(-) confident"
"4165-SS-17","HPVint(-) likely","FFPE","HPV16","4165-SS-17",222,14,2,4,-0.00818491852974612,0,0,1,1,14,89,2,1,35,16,8,26,27,"FFPE","pos","HPVint(+) confident"
"4165-SS-19","HPVint(-) confident","FFPE","HPV16","4165-SS-19",7083,633,142,206,-0.152557787040546,54,126,1,0.517857142857143,639,2147,194,0.291970802919708,1386,614,141,808,827,"FFPE","neg","HPVint(-) confident"
"4165-SS-2","HPVint(-) likely","FFPE","HPV16","4165-SS-2",32740,2388,431,828,-1.5770367563471,109,373,1,0.603636363636364,2523,9553,807,0.168041237113402,6886,2923,993,3705,5345,"FFPE","neg","HPVint(-) likely"
"4165-SS-20","HPVint(-) likely","FFPE","HPV16","4165-SS-20",2480,123,36,33,0.0669571807502842,7,20,0.730311355311355,1,131,599,34,1,472,155,50,411,499,"FFPE","neg","HPVint(-) likely"
"4165-SS-22","HPVint(-) confident","FFPE","HPV16","4165-SS-22",148,6,0,1,-0.00549450549450549,0,0,1,1,7,42,1,1,26,10,5,24,26,"FFPE","pos","HPVint(-) confident"
"4165-SS-24","HPVint(+) confident","FFPE","HPV16","4165-SS-24",133392,7046,1363,1940,-1.25934065934066,244,1166,1,0.76379477250726,4618,37183,111,0.839595375722543,17568,5013,6011,33971,18481,"FFPE","neg","HPVint(+) confident"
"4165-SS-25","HPVint(-) likely","FFPE","HPV16","4165-SS-25",16589,708,150,169,0.105911330049261,95,138,0.897619047619048,0.291044776119403,642,7751,0,1,1717,264,201,2244,3002,"FFPE","neg","HPVint(-) likely"
"4165-SS-26","HPVint(-) confident","FFPE","HPV16","4165-SS-26",7318,417,97,103,0.103031451307313,29,50,0.845983912994222,0.42,469,3153,155,0.375,1292,583,120,632,867,"FFPE","neg","HPVint(-) confident"
"4165-SS-27","HPVint(-) confident","FFPE","HPV16","4165-SS-27",11097,729,219,257,0.0982569154982946,18,133,0.934944051382408,0.848739495798319,579,3164,68,0.713080168776371,1603,627,266,1786,1710,"FFPE","neg","HPVint(-) confident"
"4165-SS-28","HPVint(-) confident","FFPE","HPV16","4165-SS-28",4429,346,86,123,-0.0827207275483138,14,75,1,0.740740740740741,323,1243,93,0.321167883211679,1204,653,191,346,430,"FFPE","neg","HPVint(-) confident"
"4165-SS-29","HPVint(-) likely","FFPE","HPV16","4165-SS-29",2328,116,33,35,0.0352785145888594,10,30,0.844988344988345,1,213,723,49,0.279411764705882,539,261,80,209,344,"FFPE","neg","HPVint(-) likely"
"4165-SS-30","HPVint(+) confident","FFPE","HPV16","4165-SS-30",952,251,59,57,0.0937097385373247,36,53,0.769696405289626,0.25,178,208,1,1,4,3,1,166,101,"FFPE","pos","HPVint(+) confident"
"4165-SS-31","HPVint(+) confident","FFPE","HPV16","4165-SS-31",14140,911,108,236,-0.5518757104964,30,82,1,0.558823529411765,1286,4190,349,0.302,2467,1278,242,2000,2263,"FFPE","neg","HPVint(+) confident"
"4165-SS-32","HPVint(+) confident","FFPE","HPV16","4165-SS-32",3577,536,89,174,-0.34225085259568,43,68,1,0.258620689655172,404,1717,1,1,244,11,11,507,13,"FFPE","neg","HPVint(+) confident"
"4165-SS-33","HPVint(-) confident","FFPE","HPV16","4165-SS-33",1681,127,30,44,-0.0348616900341038,4,23,1,1,103,445,23,1,310,112,31,212,298,"FFPE","neg","HPVint(-) confident"
"4165-SS-34","HPVint(+) confident","FFPE","HPV16","4165-SS-34",9553,1080,104,353,-1.22231906025009,26,84,1,0.648648648648649,1276,3007,169,0.575376884422111,1515,711,172,983,1083,"FFPE","neg","HPVint(+) confident"
"4165-SS-36","HPVint(+) likely","FFPE","HPV16","4165-SS-36",26293,1583,349,644,-1.1315649867374,88,325,1,0.716129032258064,1407,8478,229,0.511727078891258,5001,1682,630,3229,4356,"FFPE","neg","HPVint(+) likely"
"4165-SS-37","HPVint(-) likely","FFPE","HPV35","4165-SS-37",9755,673,151,311,-0.491049273307338,25,95,1,0.725274725274725,680,2853,179,0.257261410788382,1518,599,303,1247,1605,"FFPE","neg","HPVint(-) likely"
"4165-SS-41","HPVint(+) confident","FFPE","HPV16","4165-SS-41",10189,447,64,160,-0.437741568776052,11,14,1,1,666,2246,125,0.378109452736318,1191,438,537,3015,1321,"FFPE","neg","HPVint(+) confident"
"4165-SS-43","HPVint(+) likely","FFPE","HPV16","4165-SS-43",32680,1886,464,824,-1.32747252747253,12,153,1,0.914285714285714,1185,9719,118,0.755693581780538,4435,1475,837,5228,5414,"FFPE","neg","HPVint(+) likely"
"4165-SS-44","HPVint(-) confident","FFPE","HPV16","4165-SS-44",721,193,27,58,-0.132474422129595,27,27,1,1,115,102,1,1,40,9,12,62,80,"FFPE","pos","HPVint(+) confident"
"4165-SS-45","HPVint(-) confident","FFPE","HPV16","4165-SS-45",7968,700,130,255,-0.50454717696097,33,120,1,0.582278481012658,662,2441,190,0.170305676855895,1874,858,278,532,1233,"FFPE","neg","HPVint(-) confident"
"4165-SS-46","HPVint(+) confident","FFPE","HPV16","4165-SS-46",27316,2450,554,944,-1.36612353164077,238,483,1,0.44392523364486,1922,16653,31,0.881226053639847,2129,83,93,1385,1704,"FFPE","neg","HPVint(+) confident"
"4165-SS-47","HPVint(-) confident","FFPE","HPV16","4165-SS-47",7951,542,153,161,0.170557029177719,37,100,0.838360985419809,0.593406593406593,554,2632,143,0.358744394618834,1631,796,167,840,1063,"FFPE","neg","HPVint(-) confident"
"4165-SS-48","HPVint(-) likely","FFPE","HPV16","4165-SS-48",9712,577,87,110,-0.00439560439560438,48,71,1,0.186440677966102,1000,2681,260,0.153094462540717,2116,1056,271,1024,1713,"FFPE","neg","HPVint(-) likely"
"4165-SS-49","HPVint(+) confident","FFPE","HPV16","4165-SS-49",14256,956,207,366,-0.583402804092459,59,174,1,0.598639455782313,721,5293,51,0.585365853658537,1304,475,185,2281,2351,"FFPE","neg","HPVint(+) confident"
"4165-SS-8","HPVint(-) likely","FFPE","HPV16","4165-SS-8",19875,1159,302,530,-0.829329291398257,21,233,1,0.901869158878505,724,5941,58,0.718446601941748,2539,730,490,3188,3134,"FFPE","neg","HPVint(-) likely"
"4165-SS-9","HPVint(+) likely","FFPE","HPV16","4165-SS-9",6143,445,80,220,-0.657067070860174,38,69,1,0.424242424242424,187,3448,1,1,925,2,2,882,4,"FFPE","pos","HPVint(+) confident"
"GS18001T","HPVint(+) confident","HVC","HPV16","EGAF00002192405_GS18001T",11108,2294,1348,136,8.54929897688518,911,1292,0.0803795610917273,0.139754485363551,2158,2294,430,0.111570247933884,3941,1944,92,156,158,"MDA","neg","HPVint(+) confident"
"GS18002T","HPVint(+) confident","HVC","HPV16","EGAF00002192406_GS18002T",13136,3062,1968,231,12.3031830238727,1400,1897,0.093515478424015,0.114484503478811,2048,2609,420,0.204545454545455,4352,1788,132,382,409,"MDA","neg","HPVint(+) confident"
"GS18003T","HPVint(-) confident","HVC","HPV16","EGAF00002192407_GS18003T",5298,1159,708,73,4.48165971959075,438,683,0.0821459613832495,0.151162790697674,1091,843,285,0.0716612377850163,2078,865,103,14,12,"MDA","neg","HPVint(-) confident"
"GS18004T","HPVint(+) confident","HVC","HPV16","EGAF00002192408_GS18004T",16170,8118,6253,272,41.629632436529,5386,6208,0.0346558926440583,0.0832340425531914,1639,6307,0,1,71,0,0,0,0,"MDA","pos","HPVint(+) confident"
"GS18005T","HPVint(+) confident","HVC","HPV16","EGAF00002192409_GS18005T",36698,8556,5316,685,32.898332701781,4260,5244,0.102660225402889,0.160591133004926,5401,21732,8,0.994694960212202,69,24,145,366,226,"MDA","neg","HPVint(+) confident"
"GS18006T","HPVint(+) confident","HVC","HPV16","EGAF00002192410_GS18006T",23262,6102,4429,280,29.0063660477454,3103,4169,0.0503673341785782,0.142817679558011,3404,4991,820,0.141361256544503,6455,3150,398,457,1137,"MDA","neg","HPVint(+) confident"
"GS18007T","HPVint(+) confident","HVC","HPV16","EGAF00002192411_GS18007T",14873,7595,5338,217,35.6214854111406,4083,5277,0.0323875262991037,0.0592165898617512,3076,3957,8,0.983505154639175,109,42,5,4,2,"MDA","pos","HPVint(+) confident"
"GS18008T","HPVint(-) confident","HVC","HPV16","EGAF00002192412_GS18008T",21950,5658,3215,342,20.2932929139826,2487,3116,0.084750397347598,0.108921533500537,4608,4166,1044,0.157384987893462,7271,3253,82,88,94,"MDA","neg","HPVint(-) confident"
"GS18009T","HPVint(-) confident","HVC","HPV16","EGAF00002192413_GS18009T",12702,2588,1439,184,8.91314892004547,1021,1392,0.101871721051707,0.129582267689685,2629,1667,668,0.056497175141243,5502,2383,170,107,41,"MDA","neg","HPVint(-) confident"
"GS18010T","HPVint(-) likely","HVC","HPV16","EGAF00002192414_GS18010T",12078,2734,1528,282,8.98848048503221,938,1485,0.14703555606697,0.206429780033841,2115,2226,495,0.152397260273973,4674,2174,112,91,59,"MDA","neg","HPVint(-) likely"
"GS18011T","HPVint(-) confident","HVC","HPV16","EGAF00002192415_GS18011T",17591,5448,2564,170,16.7486926866237,1985,2470,0.0528235415130891,0.0636792452830188,6113,2352,1545,0.0726290516206483,3270,1718,21,218,116,"MDA","neg","HPVint(-) confident"
"GS18012T","HPVint(-) confident","HVC","HPV16","EGAF00002192416_GS18012T",25598,5350,3107,454,18.9330807123911,2000,3037,0.116415608852043,0.222092570984053,4025,5814,804,0.170278637770898,10170,4839,236,87,63,"MDA","neg","HPVint(-) confident"
"GS18013T","HPVint(+) confident","HVC","HPV16","EGAF00002192417_GS18013T",28805,21873,15958,921,104.994732853354,10581,15754,0.045980933466834,0.063794018757742,3145,3355,0,1,1,1,0,184,87,"MDA","pos","HPVint(+) confident"
"GS18014T","HPVint(+) confident","HVC","HPV16","EGAF00002192418_GS18014T",1655,707,284,70,1.57400530503979,177,278,0.196370530877573,0.289156626506024,515,403,0,1,32,2,1,7,0,"MDA","pos","HPVint(+) confident"
"GS18015T","HPVint(-) confident","HVC","HPV16","EGAF00002192419_GS18015T",20886,4725,2780,404,16.9526335733232,1832,2705,0.115779903549688,0.210004312203536,3603,3971,756,0.101070154577883,8273,3870,181,155,73,"MDA","neg","HPVint(-) confident"
"GS18016T","HPVint(-) confident","HVC","HPV16","EGAF00002192420_GS18016T",11001,3510,2580,171,16.8535430087154,1768,2492,0.0528047533861487,0.15,1789,2421,399,0.182377049180328,3176,1497,79,15,7,"MDA","pos","HPVint(+) confident"
"GS18017T","HPVint(-) confident","HVC","HPV16","EGAF00002192421_GS18017T",15407,2781,1256,194,7.59613489958318,850,1234,0.123057674809267,0.137055837563452,2813,2519,833,0.139462809917355,6474,2564,673,136,91,"MDA","neg","HPVint(-) confident"
"GS18018T","HPVint(+) confident","HVC","HPV16","EGAF00002192422_GS18018T",14374,3429,2025,283,12.4105721864343,1219,1795,0.111341744675078,0.231884057971015,2418,3124,522,0.179245283018868,5124,2427,97,107,82,"MDA","neg","HPVint(+) confident"
"GS18019T","HPVint(+) confident","HVC","HPV16","EGAF00002192423_GS18019T",6891,2533,1894,166,12.1499810534293,1131,1862,0.069827216078536,0.214583333333333,1212,1276,226,0.153558052434457,1747,920,19,74,18,"MDA","neg","HPVint(+) confident"
"GS18020T","HPVint(+) confident","HVC","HPV35","EGAF00002192424_GS18020T",24640,12084,4622,695,33.4555122297058,3587,4603,0.102448395395172,0.197359588274782,8730,1184,16,0.98647506339814,110,46,25,165,82,"MDA","neg","HPVint(+) confident"
"GS18021T","HPVint(+) confident","HVC","HPV16","EGAF00002192425_GS18021T",8777,4627,2737,179,17.892345585449,2150,2711,0.0521044538216624,0.083936940775458,2541,1176,254,0.188498402555911,366,9,0,55,4,"MDA","pos","HPVint(+) confident"
"GS18022T","HPVint(+) confident","HVC","HPV16","EGAF00002192426_GS18022T",6461,5807,4598,192,30.6553997726412,3634,4547,0.0332681672394591,0.124548301614069,540,57,0,1,3,1,0,0,0,"MDA","pos","HPVint(+) confident"
"GS18023T","HPVint(+) confident","HVC","HPV16","EGAF00002192427_GS18023T",19012,6841,3329,1009,17.4146646456991,2461,3183,0.241476006720825,0.16547982366904,4157,1991,674,0.27991452991453,4454,2207,228,682,413,"MDA","neg","HPVint(+) confident"
"GS18026T","HPVint(+) confident","HVC","HPV16","EGAF00002192430_GS18026T",13444,6341,4212,427,26.7021220159151,3034,4072,0.0807674044853532,0.116996507566938,1630,1705,53,0.761261261261261,853,337,36,2354,109,"MDA","neg","HPVint(+) confident"
"GS18027T","HPVint(+) confident","HVC","HPV16","EGAF00002192431_GS18027T",11624,4286,1394,491,6.91599090564608,1020,1379,0.280617875668091,0.102112676056338,3879,3307,1,1,3,3,0,0,0,"MDA","pos","HPVint(+) confident"
"GS18028T","HPVint(+) confident","HVC","HPV16","EGAF00002192432_GS18028T",36066,10426,4781,1706,23.5987874194771,3176,4500,0.284286932477688,0.187308085977482,8195,7584,1292,0.230494341870161,7523,2783,84,30,27,"MDA","neg","HPVint(+) confident"
"GS18029T","HPVint(+) confident","HVC","HPV16","EGAF00002192433_GS18029T",10642,4821,1322,568,5.99636225843122,1031,1299,0.342305198583565,0.108131487889273,4170,1397,0,1,4,0,0,1,0,"MDA","pos","HPVint(+) confident"
"GS18030T","HPVint(-) confident","HVC","HPV16","EGAF00002192434_GS18030T",31362,5701,3243,468,19.7940886699507,2475,3202,0.114972908682437,0.156154108421412,6091,7785,1686,0.16781836130306,11145,5170,300,253,124,"MDA","neg","HPVint(-) confident"
"GS18031T","HPVint(-) confident","HVC","HPV16","EGAF00002192435_GS18031T",16151,2932,868,447,3.53016294050777,567,852,0.41028384058338,0.211404728789986,2954,4204,483,0.412408759124088,5489,1847,476,92,58,"MDA","neg","HPVint(-) confident"
"GS18033T","HPVint(+) confident","HVC","HPV16","EGAF00002192437_GS18033T",9801,5889,3550,483,21.8289124668435,2726,3528,0.10839653304442,0.18407662376534,1331,2479,1,1,6,1,0,0,0,"MDA","pos","HPVint(+) confident"
"GS18034T","HPVint(-) confident","HVC","HPV16","EGAF00002192438_GS18034T",25041,8221,4685,1054,26.5191360363774,3301,4535,0.179236985000059,0.196054554310765,4176,5809,695,0.350467289719626,5888,2774,166,331,212,"MDA","neg","HPVint(-) confident"
"GS18035T","HPVint(+) confident","HVC","HPV16","EGAF00002192439_GS18035T",3629,2608,1857,104,12.2354679802956,1503,1787,0.044618816832064,0.0885385081867799,347,65,0,1,5,0,1,538,36,"MDA","pos","HPVint(+) confident"
"GS18036T","HPVint(+) confident","HVC","HPV16","EGAF00002192440_GS18036T",4456,1615,737,89,4.59374763167867,473,725,0.0962097603888649,0.112570356472795,1438,1333,0,1,1,0,0,15,9,"MDA","pos","HPVint(+) confident"
"GS18037T","HPVint(-) confident","HVC","HPV16","EGAF00002192441_GS18037T",4567,1350,1002,64,6.55869647593786,594,968,0.050887236515979,0.181818181818182,763,1289,116,0.305389221556886,1040,480,27,33,28,"MDA","neg","HPVint(-) confident"
"GS18038T","HPVint(-) confident","HVC","HPV16","EGAF00002192442_GS18038T",15211,4231,2370,487,13.6690034103827,1526,2325,0.163710761812028,0.20396452790819,3455,1585,875,0.0875912408759124,5638,2672,232,9,10,"MDA","pos","HPVint(+) confident"
"GS18039T","HPVint(+) confident","HVC","HPV33","EGAF00002192443_GS18039T",14215,1595,1159,86,9.03630487946896,1043,1156,0.0332167342069442,0.0509554140127388,1980,3534,48,0.836734693877551,6024,1338,589,145,172,"MDA","neg","HPVint(+) confident"
"GS18040T","HPVint(-) confident","HVC","HPV16","EGAF00002192444_GS18040T",6893,2068,1514,146,9.63918150814703,915,1423,0.0768287194971475,0.246913580246914,976,1591,252,0.154362416107383,2152,1021,46,30,39,"MDA","neg","HPVint(-) confident"
"GS18041T","HPVint(+) confident","HVC","HPV16","EGAF00002192445_GS18041T",10154,4700,3461,266,22.4074270557029,2556,3433,0.0612317471606694,0.181818181818182,2216,472,558,0.1198738170347,2565,1576,106,5,9,"MDA","pos","HPVint(+) confident"
"GS18043T","HPVint(-) confident","HVC","HPV16","EGAF00002192447_GS18043T",25907,4325,1816,338,10.6669950738916,1122,1753,0.148285084959094,0.126168224299065,4157,6269,558,0.472090823084201,9748,3406,929,435,174,"MDA","neg","HPVint(-) confident"
"GS18044T","HPVint(-) confident","HVC","HPV16","EGAF00002192448_GS18044T",11204,3012,2044,197,13.0141341417203,1220,1983,0.0767859830971377,0.171758316361168,1999,1980,462,0.139664804469274,3939,1840,148,69,51,"MDA","neg","HPVint(-) confident"
"GS18046T","HPVint(-) confident","HVC","HPV16","EGAF00002192450_GS18046T",20738,3465,1619,300,9.51716559302766,946,1582,0.147628776411976,0.16504854368932,3398,2784,1061,0.096252129471891,9149,3664,983,638,327,"MDA","neg","HPVint(-) confident"
"GS18047T","HPVint(+) confident","HVC","HPV16","EGAF00002192451_GS18047T",8181,1539,887,130,5.40295566502463,600,866,0.116765984860686,0.178082191780822,1174,1864,243,0.240625,2648,1106,131,435,338,"MDA","neg","HPVint(+) confident"
"GS18048T","HPVint(+) confident","HVC","HPV33","EGAF00002192452_GS18048T",5744,1372,1069,132,8.1444334459066,896,1065,0.055276195236278,0.131782945736434,1044,1388,269,0.100334448160535,1795,669,20,5,6,"MDA","pos","HPVint(+) confident"
"GS18049T","HPVint(-) confident","HVC","HPV16","EGAF00002192453_GS18049T",30074,6772,3934,414,24.8563092080333,2963,3811,0.0838421872992285,0.122074074074074,4895,5195,1111,0.142746913580247,10522,4958,319,1426,815,"MDA","neg","HPVint(-) confident"
"GS18051T","HPVint(+) confident","HVC","HPV16","EGAF00002192455_GS18051T",8519,4058,3087,239,19.976468359227,2243,3045,0.0616819202825034,0.213810024535577,918,3379,7,0.928571428571429,89,40,4,20,0,"MDA","pos","HPVint(+) confident"
"GS18052T","HPVint(+) confident","HVC","HPV16","EGAF00002192456_GS18052T",11748,3093,1865,160,11.9829480863964,1410,1852,0.0683498806823204,0.110970996216898,2022,2230,452,0.130769230769231,4153,2104,188,9,8,"MDA","pos","HPVint(+) confident"
"GS18053T","HPVint(-) confident","HVC","HPV16","EGAF00002192457_GS18053T",13449,2130,839,255,4.38510799545282,501,815,0.242144625338904,0.243202416918429,2161,2455,666,0.156962025316456,5962,2276,788,57,40,"MDA","neg","HPVint(-) confident"
"GS18059T","HPVint(+) confident","HVC","HPV16","EGAF00002192462_GS18059T",12055,3708,2739,268,17.4171276998863,1768,2648,0.0779541743397165,0.201084500677813,2136,1802,508,0.0879712746858169,4180,2070,78,75,46,"MDA","neg","HPVint(+) confident"
"GS18061T","HPVint(+) confident","HVC","HPV16","EGAF00002192464_GS18061T",9605,3287,1564,437,8.38510799545282,1233,1536,0.222608274078862,0.138364779874214,2078,3721,0,1,404,98,6,5,3,"MDA","pos","HPVint(+) confident"
"GS18062T","HPVint(+) confident","HVC","HPV16","EGAF00002192465_GS18062T",5119,1334,721,142,4.19219401288367,542,704,0.156909664537959,0.128617363344051,1199,609,202,0.32890365448505,1601,608,53,286,29,"MDA","neg","HPVint(+) confident"
"GS18063T","HPVint(+) confident","HVC","HPV16","EGAF00002192466_GS18063T",24266,7984,3763,439,23.5396362258431,2623,3746,0.0929451892779025,0.113252197430696,6178,8095,2,0.987179487179487,1468,0,79,348,239,"MDA","pos","HPVint(+) confident"
"GS18065T","HPVint(-) confident","HVC","HPV16","EGAF00002192468_GS18065T",9644,2544,1640,232,10.0356195528609,1037,1596,0.11270436880193,0.212604403948368,1757,1750,426,0.156435643564356,3385,1606,122,39,41,"MDA","neg","HPVint(-) confident"
"GS18066T","HPVint(-) likely","HVC","HPV16","EGAF00002192469_GS18066T",9245,1187,609,68,3.82637362637363,335,601,0.0889586603872318,0.176904176904177,1266,1410,458,0.0821643286573146,4676,1840,693,58,29,"MDA","neg","HPVint(-) likely"
"GS18067T","HPVint(-) confident","HVC","HPV16","EGAF00002192470_GS18067T",19563,4697,3032,340,19.0422129594543,2080,2927,0.0893400794456203,0.182389937106918,3253,4504,874,0.170777988614801,6726,2997,379,44,38,"MDA","neg","HPVint(-) confident"
"GS18068T","HPVint(+) confident","HVC","HPV16","EGAF00002192471_GS18068T",6193,3769,2498,157,16.3649488442592,2119,2458,0.0500730254533297,0.0722416812609457,1008,1330,3,0.955882352941177,35,16,0,3,1,"MDA","pos","HPVint(+) confident"
"GS18069T","HPVint(+) confident","HVC","HPV16","EGAF00002192472_GS18069T",9776,4192,3050,160,20.1553618794998,2501,3026,0.041794271302468,0.114063053489196,1411,792,316,0.0813953488372093,2185,1104,133,572,408,"MDA","neg","HPVint(+) confident"
"GS18070T","HPVint(+) confident","HVC","HPV33","EGAF00002192473_GS18070T",38284,13066,11336,643,89.0980551997205,9934,11240,0.0253917744561271,0.0832410483573274,5641,6846,856,0.151635282457879,9054,3256,313,474,595,"MDA","neg","HPVint(+) confident"
"GS18071T","HPVint(+) confident","HVC","HPV16","EGAF00002192474_GS18071T",10813,1718,664,263,3.13425539977264,475,629,0.315561697338806,0.117100371747212,1832,1634,383,0.0880952380952381,5027,1972,187,239,164,"MDA","neg","HPVint(+) confident"
"GS18072T","HPVint(+) confident","HVC","HPV35","EGAF00002192475_GS18072T",34789,12251,7388,485,56.9158099964552,6435,7270,0.0447265241526205,0.0895585738539898,7753,809,2287,0.00651607298001733,4191,3722,0,4,0,"MDA","pos","HPVint(+) confident"
"GS18074T","HPVint(+) confident","HVC","HPV16","EGAF00002192477_GS18074T",2748,740,455,53,2.84672224327397,334,440,0.0928028015940104,0.162907268170426,436,449,75,0.278846153846154,1018,445,31,68,35,"MDA","neg","HPVint(+) confident"
"GS18076T","HPVint(+) confident","HVC","HPV16","EGAF00002192479_GS18076T",12160,3635,2611,246,16.6552482000758,1601,2526,0.0750628153921911,0.215964740450539,1664,3143,319,0.252927400468384,3401,1540,64,146,73,"MDA","neg","HPVint(+) confident"
"GS18078T","HPVint(+) confident","HVC","HPV16","EGAF00002192480_GS18078T",16730,4897,3473,454,21.4572186434255,2046,3421,0.104147220473163,0.302420729628367,2292,3864,472,0.205387205387205,4463,1994,157,833,258,"MDA","neg","HPVint(+) confident"
"GS18079T","HPVint(-) confident","HVC","HPV16","EGAF00002192481_GS18079T",10959,1200,497,149,2.60890488821523,291,488,0.238850686536803,0.182584269662921,1330,1612,395,0.118303571428571,5832,2231,783,239,49,"MDA","neg","HPVint(-) confident"
"GS18081T","HPVint(+) confident","HVC","HPV16","EGAF00002192483_GS18081T",19677,4404,2003,186,12.7918150814703,1522,1989,0.0739824329439906,0.088622754491018,2967,3400,5,1,7603,3042,672,444,295,"MDA","neg","HPVint(+) confident"
"GS18082T","HPVint(-) confident","HVC","HPV16","EGAF00002192484_GS18082T",16236,5513,4248,378,27.2196286472149,1870,4140,0.0708930899608866,0.308943089430894,2084,3621,452,0.227350427350427,4634,2194,132,164,85,"MDA","neg","HPVint(-) confident"
"GS18085T","HPVint(-) confident","HVC","HPV59","EGAF00002192377_GS18085T",9195,1794,753,1149,3.0031132518797,0,0,0.489510629162548,1,1260,1838,0,1,3921,1533,74,44,36,"MDA","neg","HPVint(-) confident"
"GS18087T","HPVint(+) confident","HVC","HPV16","EGAF00002192379_GS18087T",24234,9972,7624,565,49.474914740432,4901,7462,0.0590421514477128,0.17837384744342,3004,5737,525,0.293405114401077,4066,2223,114,1023,230,"MDA","neg","HPVint(+) confident"
"GS18088T","HPVint(+) confident","HVC","HPV16","EGAF00002192380_GS18088T",4788,1562,1145,109,7.29765062523683,830,1115,0.0758433706031959,0.204980842911877,435,1094,41,0.585858585858586,1101,448,41,255,278,"MDA","neg","HPVint(+) confident"
"GS18091T","HPVint(-) confident","HVC","HPV16","EGAF00002192383_GS18091T",14344,4394,3140,224,20.4244031830239,2390,3049,0.0568348848603626,0.14336917562724,2605,3055,586,0.159253945480631,4078,1936,125,31,21,"MDA","neg","HPVint(-) confident"
"GS18092T","HPVint(+) confident","HVC","HPV16","EGAF00002192384_GS18092T",33726,11027,8144,721,52.2039787798409,4604,8050,0.0705332854768022,0.270364500792393,5452,8970,590,0.464123524069028,7468,2574,215,340,403,"MDA","neg","HPVint(+) confident"
"GS18093T","HPVint(-) confident","HVC","HPV16","EGAF00002192385_GS18093T",12464,1764,788,177,4.46195528609322,409,766,0.178954928320411,0.238361266294227,1878,1637,534,0.0933786078098472,5984,2445,702,458,109,"MDA","neg","HPVint(-) confident"
"GS18094T","HPVint(+) confident","HVC","HPV16","EGAF00002192386_GS18094T",9947,3050,2253,241,14.2137552103069,1227,2200,0.0852221458080313,0.276959340011785,1413,2430,245,0.283625730994152,2913,1352,75,42,22,"MDA","neg","HPVint(+) confident"
"GS18095T","HPVint(-) confident","HVC","HPV16","EGAF00002192387_GS18095T",22658,7227,5366,385,34.8915119363395,3460,5220,0.0571619025774822,0.161618609159196,3627,4663,755,0.193376068376068,6635,3000,205,33,34,"MDA","neg","HPVint(-) confident"
"GS18096T","HPVint(-) confident","HVC","HPV16","EGAF00002192388_GS18096T",17898,5537,4099,319,26.5162182644941,2405,3983,0.0620025254082341,0.204432682765465,2852,4074,674,0.195704057279236,5225,2569,135,52,48,"MDA","neg","HPVint(-) confident"
"GS18097T","HPVint(+) confident","HVC","HPV16","EGAF00002192389_GS18097T",19104,2258,931,212,5.25585449033725,512,883,0.181419010634908,0.207430340557275,2740,4048,526,0.227606461086637,8552,3357,1016,324,178,"MDA","neg","HPVint(+) confident"
"GS18098T","HPVint(-) confident","HVC","HPV16","EGAF00002192390_GS18098T",10562,2452,1689,217,10.4559681697613,738,1650,0.102359156533224,0.242299794661191,1427,2337,247,0.267062314540059,4008,1595,149,126,105,"MDA","neg","HPVint(-) confident"
"GS18099T","HPVint(-) confident","HVC","HPV16","EGAF00002192391_GS18099T",7996,1774,1018,121,6.35585449033725,663,986,0.0946965608065805,0.204081632653061,1341,1939,340,0.168704156479218,2723,1358,53,66,61,"MDA","neg","HPVint(-) confident"
"GS18101T","HPVint(-) confident","HVC","HPV16","EGAF00002192393_GS18101T",18919,5872,4351,436,27.6112921561197,2655,4255,0.0798351269507326,0.264339152119701,3403,3657,926,0.148114075436983,5787,2889,161,32,33,"MDA","neg","HPVint(-) confident"
"GS18102T","HPVint(-) confident","HVC","HPV33","EGAF00002192394_GS18102T",13851,4034,3371,242,26.3118376615815,2920,3345,0.0321364965778401,0.0914747977598008,3085,2027,748,0.0696517412935324,3900,1722,85,21,25,"MDA","neg","HPVint(-) confident"
"GS18103T","HPVint(+) confident","HVC","HPV18","EGAF00002192395_GS18103T",4981,3293,2427,151,17.9842831587018,2046,2398,0.0440986701802524,0.539085379589998,649,791,0,1,111,45,1,21,8,"MDA","pos","HPVint(+) confident"
"GS18105T","HPVint(+) confident","HVC","HPV18","EGAF00002192397_GS18105T",14991,5946,4204,407,30.352883550558,3129,4122,0.0686198910509091,0.567817679558011,2783,5197,0,1,148,22,55,370,245,"MDA","neg","HPVint(+) confident"
"GS18108T","HPVint(-) confident","HVC","HPV16","EGAF00002192400_GS18108T",20351,3640,1725,339,10.0339143615006,922,1701,0.156569517439083,0.204486626402071,3440,2821,1053,0.133333333333333,8972,3757,1108,305,171,"MDA","neg","HPVint(-) confident"
"GS18109T","HPVint(+) confident","HVC","HPV16","EGAF00002192401_GS18109T",5427,1775,1370,84,8.9867374005305,889,1290,0.0488489612577204,0.172253258845438,1181,718,432,0.064935064935065,1643,795,42,25,19,"MDA","neg","HPVint(+) confident"
"TCGA-BA-4077-01B","HPVint(+) confident","TCGA","HPV16","TCGA-BA-4077-01B",16131,7704,3943,111,26.5832133383858,0,0,0.022428117152946,1,6154,260,0,1,1128,547,155,346,228,"TCGA","neg","HPVint(+) confident"
"TCGA-BA-5153-01A","HPVint(+) likely","TCGA","HPV16","TCGA-BA-5153-01A",17165,3894,1879,246,11.6069723380068,0,0,0.104304955289522,1,3699,1973,0,1,6689,3358,776,112,77,"TCGA","neg","HPVint(+) likely"
"TCGA-BA-5559-01A","HPVint(+) confident","TCGA","HPV16","TCGA-BA-5559-01A",16163,3294,1515,149,9.62959454338765,0,0,0.0783556377615784,1,3608,3682,0,1,4609,2038,639,203,101,"TCGA","neg","HPVint(+) confident"
"TCGA-BA-A4IG-01A","HPVint(+) confident","TCGA","HPV16","TCGA-BA-A4IG-01A",27352,5445,2691,379,16.4762031072376,0,0,0.112207562040338,1,5078,3005,0,1,12077,5534,1271,179,265,"TCGA","neg","HPVint(+) confident"
"TCGA-BA-A4IH-01A","HPVint(+) confident","TCGA","HPV16","TCGA-BA-A4IH-01A",41104,7292,3948,615,23.8484653277757,0,0,0.12410651658372,1,5563,5584,0,1,14482,6384,1990,5681,486,"TCGA","neg","HPVint(+) confident"
"TCGA-BB-4223-01A","HPVint(-) confident","TCGA","HPV16","TCGA-BB-4223-01A",11967,2578,1303,215,7.80488821523304,0,0,0.131459101144443,1,2173,1224,0,1,5229,2758,667,79,53,"TCGA","neg","HPVint(-) confident"
"TCGA-BB-4225-01A","HPVint(+) confident","TCGA","HPV33","TCGA-BB-4225-01A",78718,15363,12194,190,97.652789099802,0,0,0.00697508214076995,1,29149,4398,0,1,23420,15365,3388,13,54,"TCGA","neg","HPVint(+) confident"
"TCGA-BB-4228-01A","HPVint(+) likely","TCGA","HPV16","TCGA-BB-4228-01A",22309,5277,2386,265,14.9991284577491,0,0,0.0884854876891759,1,5561,1946,0,1,8739,4820,730,8,23,"TCGA","pos","HPVint(+) confident"
"TCGA-BB-7861-01A","HPVint(+) confident","TCGA","HPV16","TCGA-BB-7861-01A",7035,2094,1005,130,6.21674876847291,0,0,0.103056147832267,1,1787,396,0,1,2340,1658,159,149,69,"TCGA","neg","HPVint(+) confident"
"TCGA-BB-7864-01A","HPVint(+) confident","TCGA","HPV56","TCGA-BB-7864-01A",17924,0,0,0,1,0,0,1,1,0,0,0,1,0,0,0,0,0,"TCGA","pos","HPVint(+) confident"
"TCGA-BB-7866-01A","HPVint(+) confident","TCGA","HPV16","TCGA-BB-7866-01A",44720,9469,4393,309,28.5987495263357,0,0,0.0560394533761254,1,8439,8043,0,1,5325,1394,2679,6830,3111,"TCGA","neg","HPVint(+) confident"
"TCGA-BB-A6UM-01A","HPVint(+) confident","TCGA","HPV16","TCGA-BB-A6UM-01A",5132,2735,1414,172,8.80666919287609,0,0,0.096911574987954,1,2129,140,0,1,94,43,20,0,0,"TCGA","pos","HPVint(+) confident"
"TCGA-CN-4741-01A","HPVint(+) confident","TCGA","HPV16","TCGA-CN-4741-01A",27864,9097,3982,234,26.176354679803,0,0,0.046817823060917,1,7965,2722,0,1,6760,3381,623,323,296,"TCGA","neg","HPVint(+) confident"
"TCGA-CN-5374-01A","HPVint(+) likely","TCGA","HPV16","TCGA-CN-5374-01A",8072,1339,582,116,3.37643046608564,0,0,0.158793096937427,1,1376,948,0,1,3758,1773,627,43,4,"TCGA","pos","HPVint(+) confident"
"TCGA-CN-A499-01A","HPVint(+) confident","TCGA","HPV16","TCGA-CN-A499-01A",46773,17783,4560,1622,22.5361879499811,0,0,0.283388760362445,1,19548,6477,0,1,308,0,0,0,0,"TCGA","pos","HPVint(+) confident"
"TCGA-CN-A49C-01A","HPVint(+) confident","TCGA","HPV16","TCGA-CN-A49C-01A",7657,3405,1800,100,11.8643425539977,0,0,0.0442612942612943,1,3550,292,0,1,162,67,17,164,29,"TCGA","neg","HPVint(+) confident"
"TCGA-CN-A6UY-01A","HPVint(-) confident","TCGA","HPV16","TCGA-CN-A6UY-01A",10818,1004,258,38,1.57051913603638,0,0,0.117343896413664,1,1495,584,0,1,6054,2556,1491,129,21,"TCGA","neg","HPVint(-) confident"
"TCGA-CN-A6V1-01A","HPVint(+) confident","TCGA","HPV16","TCGA-CN-A6V1-01A",213,37,17,1,0.111746873815839,0,0,0.0468648998060763,1,57,28,0,1,0,0,0,82,7,"TCGA","pos","HPVint(+) confident"
"TCGA-CN-A6V6-01A","HPVint(-) confident","TCGA","HPV16","TCGA-CN-A6V6-01A",9414,1788,830,93,5.21314892004547,0,0,0.0892691645703694,1,1762,574,0,1,4420,2216,813,35,32,"TCGA","neg","HPVint(-) confident"
"TCGA-CN-A6V7-01A","HPVint(+) confident","TCGA","HPV16","TCGA-CN-A6V7-01A",8353,2356,1127,34,7.58560060629026,0,0,0.0240354144524508,1,3584,943,0,1,1403,994,3,21,8,"TCGA","pos","HPVint(+) confident"
"TCGA-CQ-5323-01A","HPVint(+) confident","TCGA","HPV16","TCGA-CQ-5323-01A",3838,2098,956,74,6.18651004168245,0,0,0.0616695020460711,1,1672,40,0,1,0,0,0,7,0,"TCGA","pos","HPVint(+) confident"
"TCGA-CR-5243-01A","HPVint(+) likely","TCGA","HPV16","TCGA-CR-5243-01A",23961,5150,2524,261,15.9728306176582,0,0,0.0823849288587799,1,5402,1908,0,1,10139,5491,1298,32,18,"TCGA","neg","HPVint(+) likely"
"TCGA-CR-5248-01A","HPVint(-) confident","TCGA","HPV16","TCGA-CR-5248-01A",10468,1787,783,94,4.88351648351648,0,0,0.0956450956450957,1,2173,1151,0,1,4681,2370,630,45,32,"TCGA","neg","HPVint(-) confident"
"TCGA-CR-5249-01A","HPVint(+) likely","TCGA","HPV16","TCGA-CR-5249-01A",20084,3817,1819,123,11.8690034103827,0,0,0.053872735291097,1,4385,2702,0,1,8545,4346,619,38,29,"TCGA","neg","HPVint(+) likely"
"TCGA-CR-5250-01A","HPVint(-) likely","TCGA","HPV16","TCGA-CR-5250-01A",17155,3366,1536,212,9.4282682834407,0,0,0.109961652930403,1,3675,2134,0,1,7318,3591,628,66,32,"TCGA","neg","HPVint(-) likely"
"TCGA-CR-6467-01A","HPVint(+) confident","TCGA","HPV33","TCGA-CR-6467-01A",55699,7167,5531,312,43.4784849190637,0,0,0.0252518296937445,1,13711,4557,0,1,23125,9792,4567,15,20,"TCGA","neg","HPVint(+) confident"
"TCGA-CR-6470-01A","HPVint(-) confident","TCGA","HPV16","TCGA-CR-6470-01A",12383,2495,1150,204,6.8101553618795,0,0,0.141328236980411,1,2355,1652,0,1,5265,2561,505,83,71,"TCGA","neg","HPVint(-) confident"
"TCGA-CR-6471-01A","HPVint(+) confident","TCGA","HPV33","TCGA-CR-6471-01A",130419,50992,40509,551,324.696314195878,0,0,0.00608894417811329,1,74949,599,0,1,6,0,0,0,0,"TCGA","pos","HPVint(+) confident"
"TCGA-CR-6472-01A","HPVint(+) confident","TCGA","HPV16","TCGA-CR-6472-01A",10218,3599,1213,142,7.58529746115953,0,0,0.0932661732331971,1,3881,2489,0,1,71,11,129,14,8,"TCGA","pos","HPVint(+) confident"
"TCGA-CR-6473-01A","HPVint(+) confident","TCGA","HPV16","TCGA-CR-6473-01A",5145,2770,1361,207,8.24884425918909,0,0,0.121173829843925,1,2252,64,0,1,23,13,3,4,2,"TCGA","pos","HPVint(+) confident"
"TCGA-CR-6480-01A","HPVint(+) likely","TCGA","HPV16","TCGA-CR-6480-01A",21476,4393,2048,293,12.5142478211444,0,0,0.113981477506868,1,4322,2691,0,1,9084,4762,1049,14,23,"TCGA","neg","HPVint(+) likely"
"TCGA-CR-6481-01A","HPVint(+) confident","TCGA","HPV16","TCGA-CR-6481-01A",11114,2524,1358,109,8.76661614247821,0,0,0.0639474663775106,1,2322,1049,0,1,4645,2453,518,18,15,"TCGA","neg","HPVint(+) confident"
"TCGA-CR-6482-01A","HPVint(-) likely","TCGA","HPV16","TCGA-CR-6482-01A",10326,2395,1181,131,7.42504736642668,0,0,0.0883726772803826,1,2242,941,0,1,4164,2065,497,39,39,"TCGA","neg","HPVint(-) likely"
"TCGA-CR-6487-01A","HPVint(+) confident","TCGA","HPV16","TCGA-CR-6487-01A",9912,2207,872,133,5.28302387267904,0,0,0.121515525758645,1,2507,1668,0,1,3121,944,354,25,45,"TCGA","neg","HPVint(+) confident"
"TCGA-CR-7368-01A","HPVint(+) confident","TCGA","HPV16","TCGA-CR-7368-01A",38057,18676,8495,655,54.9873057976506,0,0,0.0614291535421612,1,17744,1349,0,1,81,35,1,2,0,"TCGA","pos","HPVint(+) confident"
"TCGA-CR-7369-01A","HPVint(+) confident","TCGA","HPV16","TCGA-CR-7369-01A",10765,5890,3038,366,18.940735126942,0,0,0.0959820298200812,1,4402,422,0,1,3,1,0,1,0,"TCGA","pos","HPVint(+) confident"
"TCGA-CR-7385-01A","HPVint(+) confident","TCGA","HPV16","TCGA-CR-7385-01A",19109,4111,1587,208,9.80197044334975,0,0,0.104419839769556,1,4289,4453,0,1,5246,2569,796,73,118,"TCGA","neg","HPVint(+) confident"
"TCGA-CR-7404-01A","HPVint(-) confident","TCGA","HPV16","TCGA-CR-7404-01A",29433,6090,2674,493,15.7325881015536,0,0,0.146886583872373,1,6017,3404,0,1,12350,6307,1393,102,102,"TCGA","neg","HPVint(-) confident"
"TCGA-CV-5442-01A","HPVint(+) confident","TCGA","HPV16","TCGA-CV-5442-01A",3927,1669,769,77,4.88037135278515,0,0,0.0797739321796539,1,1653,555,0,1,12,5,1,5,9,"TCGA","pos","HPVint(+) confident"
"TCGA-CV-5443-01A","HPVint(+) confident","TCGA","HPV16","TCGA-CV-5443-01A",11369,1982,967,145,5.87226222053808,0,0,0.119464299919315,1,2456,984,0,1,5192,2397,597,121,21,"TCGA","neg","HPVint(+) confident"
"TCGA-CV-5971-01A","HPVint(+) confident","TCGA","HPV16","TCGA-CV-5971-01A",3349,1322,639,13,4.33546798029557,0,0,0.0162083612787838,1,1177,156,0,1,565,282,52,6,3,"TCGA","pos","HPVint(+) confident"
"TCGA-CV-6433-01A","HPVint(-) likely","TCGA","HPV16","TCGA-CV-6433-01A",17215,2644,1247,184,7.58901098901099,0,0,0.117556861742908,1,2938,1212,0,1,8721,3993,1432,179,49,"TCGA","neg","HPVint(-) likely"
"TCGA-CV-6939-01A","HPVint(+) confident","TCGA","HPV33","TCGA-CV-6939-01A",9217,1807,1362,101,10.6192500291138,0,0,0.0331960325916973,1,2704,809,0,1,3016,1388,525,2,4,"TCGA","pos","HPVint(+) confident"
"TCGA-CV-6961-01A","HPVint(+) confident","TCGA","HPV16","TCGA-CV-6961-01A",21866,8426,4749,408,30.5099658961728,0,0,0.0684470299126016,1,6217,701,0,1,557,262,44,5450,505,"TCGA","neg","HPVint(+) confident"
"TCGA-CV-7100-01A","HPVint(+) confident","TCGA","HPV33","TCGA-CV-7100-01A",16943,2812,2090,108,16.4649470129265,0,0,0.0231323303335464,1,4404,614,0,1,6087,3179,1437,276,242,"TCGA","neg","HPVint(+) confident"
"TCGA-CV-7406-01A","HPVint(+) confident","TCGA","HPV16","TCGA-CV-7406-01A",2844,1499,660,211,3.39238347859038,0,0,0.25470362970363,1,1134,207,0,1,0,0,0,0,0,"TCGA","pos","HPVint(+) confident"
"TCGA-DQ-7590-01A","HPVint(-) confident","TCGA","HPV16","TCGA-DQ-7590-01A",12415,2197,1114,160,6.80363774156878,0,0,0.114427762542664,1,2116,1115,0,1,5935,2775,1035,28,9,"TCGA","pos","HPVint(+) confident"
"TCGA-DQ-7591-01A","HPVint(+) confident","TCGA","HPV35","TCGA-DQ-7591-01A",35367,19440,8608,838,64.8149592343141,0,0,0.0663272601004943,1,14230,112,0,1,7,1,0,4,9,"TCGA","pos","HPVint(+) confident"
"TCGA-DQ-7593-01A","HPVint(-) confident","TCGA","HPV16","TCGA-DQ-7593-01A",13247,2151,882,194,5.01682455475559,0,0,0.175238593605941,1,2320,1243,0,1,6213,3011,1141,144,52,"TCGA","neg","HPVint(-) confident"
"TCGA-DQ-7594-01A","HPVint(-) confident","TCGA","HPV16","TCGA-DQ-7594-01A",21848,3356,1499,210,9.18408488063661,0,0,0.111612870118541,1,3653,2519,0,1,10282,4737,1895,174,88,"TCGA","neg","HPVint(-) confident"
"TCGA-DQ-7596-01A","HPVint(+) confident","TCGA","HPV16","TCGA-DQ-7596-01A",33562,5841,2751,308,17.2801061007958,0,0,0.0891983334731426,1,7017,3302,0,1,15128,8025,2131,36,28,"TCGA","neg","HPVint(+) confident"
"TCGA-H7-A76A-01A","HPVint(-) confident","TCGA","HPV16","TCGA-H7-A76A-01A",10863,1711,1059,95,6.78147025388405,0,0,0.0714700785522315,1,1197,464,0,1,6167,3016,1269,27,12,"TCGA","neg","HPVint(-) confident"
"TCGA-HD-7754-01A","HPVint(+) confident","TCGA","HPV16","TCGA-HD-7754-01A",14851,3716,1370,349,7.53069344448655,0,0,0.202955803320767,1,3638,2110,0,1,4305,1978,383,294,281,"TCGA","neg","HPVint(+) confident"
"TCGA-HD-7832-01A","HPVint(+) confident","TCGA","HPV33","TCGA-HD-7832-01A",21327,8572,6669,74,53.5151100500757,0,0,0.00496721454350183,1,10748,1369,0,1,0,0,0,0,0,"TCGA","pos","HPVint(+) confident"
"TCGA-HD-8314-01A","HPVint(+) confident","TCGA","HPV35","TCGA-HD-8314-01A",4110,2241,852,377,4.79953917050691,0,0,0.301475519785379,1,1533,92,0,1,4,3,0,0,0,"TCGA","pos","HPVint(+) confident"
"TCGA-HD-A634-01A","HPVint(+) confident","TCGA","HPV16","TCGA-HD-A634-01A",57124,3400,1548,175,9.71432360742705,0,0,0.0900665871596104,1,3431,2574,0,1,14566,6241,4423,1984,23639,"TCGA","neg","HPVint(+) confident"
"TCGA-HL-7533-01A","HPVint(+) confident","TCGA","HPV16","TCGA-HL-7533-01A",8384,4420,2827,93,18.9855627131489,0,0,0.0262091993609503,1,2699,675,0,1,180,91,146,86,94,"TCGA","neg","HPVint(+) confident"
"TCGA-IQ-A61I-01A","HPVint(+) confident","TCGA","HPV35","TCGA-IQ-A61I-01A",39303,4134,1603,474,10.3230237504431,0,0,0.201462916372461,1,5147,952,0,1,15526,6237,11571,2,18,"TCGA","pos","HPVint(+) confident"
"TCGA-KU-A6H7-01A","HPVint(+) confident","TCGA","HPV16","TCGA-KU-A6H7-01A",9801,3745,1801,194,11.3547555892383,0,0,0.0858192335149581,1,4350,183,0,1,1297,564,188,7,0,"TCGA","pos","HPVint(+) confident"
"TCGA-MZ-A5BI-01A","HPVint(+) confident","TCGA","HPV33","TCGA-MZ-A5BI-01A",14362,2054,1609,40,12.8314021194829,0,0,0.0111287365967157,1,3078,715,0,1,6127,2603,1772,10,5,"TCGA","pos","HPVint(+) confident"
"TCGA-MZ-A6I9-01A","HPVint(+) confident","TCGA","HPV16","TCGA-MZ-A6I9-01A",29981,11087,5404,141,36.4942402425161,0,0,0.020787410221163,1,12694,1814,0,1,3514,1453,498,243,42,"TCGA","neg","HPVint(+) confident"
"TCGA-P3-A5Q5-01A","HPVint(+) confident","TCGA","HPV16","TCGA-P3-A5Q5-01A",8266,641,177,23,1.09431602879879,0,0,0.103526417085739,1,963,6305,0,1,616,41,12,44,4,"TCGA","pos","HPVint(+) confident"
"TCGA-P3-A5QE-01A","HPVint(-) confident","TCGA","HPV16","TCGA-P3-A5QE-01A",38077,6656,3617,636,21.4503220917014,0,0,0.140089382555515,1,6739,4932,0,1,17278,8719,2112,266,130,"TCGA","neg","HPVint(-) confident"
"TCGA-P3-A5QF-01A","HPVint(+) confident","TCGA","HPV16","TCGA-P3-A5QF-01A",13841,2348,1079,84,6.97984084880637,0,0,0.0620232408925643,1,2680,5525,0,1,2626,1100,451,84,77,"TCGA","neg","HPVint(+) confident"
"TCGA-P3-A6SW-01A","HPVint(+) confident","TCGA","HPV16","TCGA-P3-A6SW-01A",2256,1061,492,27,3.24475179992421,0,0,0.043721522380059,1,1171,8,0,1,0,0,0,0,0,"TCGA","pos","HPVint(+) confident"
"TCGA-P3-A6T6-01A","HPVint(+) confident","TCGA","HPV16","TCGA-P3-A6T6-01A",10725,2829,1277,130,8.09261083743842,0,0,0.0811052690457546,1,3336,4066,0,1,0,0,0,382,53,"TCGA","pos","HPVint(+) confident"
"TCGA-QK-A6IF-01A","HPVint(+) confident","TCGA","HPV16","TCGA-QK-A6IF-01A",6305,1640,719,98,4.42015915119363,0,0,0.108590991762063,1,1625,2846,0,1,319,0,0,4,0,"TCGA","pos","HPVint(+) confident"
"TCGA-QK-A6V9-01A","HPVint(-) confident","TCGA","HPV16","TCGA-QK-A6V9-01A",27216,4916,2313,330,14.1385373247442,0,0,0.113667137013441,1,3899,4154,0,1,12154,5627,1847,184,69,"TCGA","neg","HPVint(-) confident"
"TCGA-RS-A6TP-01A","HPVint(-) confident","TCGA","HPV16","TCGA-RS-A6TP-01A",20993,4275,1971,250,12.2194770746495,0,0,0.101053183244964,1,3834,2045,0,1,9477,4700,1332,22,24,"TCGA","neg","HPVint(-) confident"
"TCGA-T2-A6X0-01A","HPVint(+) confident","TCGA","HPV16","TCGA-T2-A6X0-01A",10724,2790,1266,182,7.73103448275862,0,0,0.114533965244866,1,2382,1106,0,1,3558,1712,507,325,61,"TCGA","neg","HPVint(+) confident"
"TCGA-TN-A7HI-01A","HPVint(+) confident","TCGA","HPV33","TCGA-TN-A7HI-01A",14057,2706,2138,65,17.0072784441598,0,0,0.0136096692816594,1,5328,539,0,1,2604,872,2034,49,90,"TCGA","neg","HPVint(+) confident"
"TCGA-TN-A7HL-01A","HPVint(-) confident","TCGA","HPV16","TCGA-TN-A7HL-01A",6970,640,299,18,1.96316786661614,0,0,0.0479620713734426,1,756,210,0,1,4222,1807,1132,8,4,"TCGA","pos","HPVint(+) confident"
"TCGA-UP-A6WW-01A","HPVint(-) confident","TCGA","HPV16","TCGA-UP-A6WW-01A",13100,1831,968,88,6.19234558544903,0,0,0.0724275724275724,1,1691,589,0,1,7313,3539,1545,87,20,"TCGA","neg","HPVint(-) confident"
